[{
	"product_name": "Ether-1",
	"color": "Green",
	"type": "striped T-shirt",
	"size": "L",
	"qty": 1,
	"code": 23412
},
{
	"product_name": "Ether-2",
	"color": "Yello",
	"type": "striped T-shirt",
	"size": "L",
	"qty": 1,
	"code": 23413
},
{
	"product_name": "Ether-3",
	"color": "Red",
	"type": "striped T-shirt",
	"size": "XLL",
	"qty": 1,
	"code": 23414
},
{
	"product_name": "Ether-4",
	"color": "Orange",
	"type": "striped T-shirt",
	"size": "XL",
	"qty": 1,
	"code": 23415
},
{
	"product_name": "Ether-5",
	"color": "Blue",
	"type": "normal T-shirt",
	"size": "M",
	"qty": 1,
	"code": 23416
}]